bibkey,source_file,line,status,draft_alt_text
tikz-graphtheory-dor1-01-f7587543,part2-discrete-algorithms/ch10-graph-theory/graphtheory-dor1.tex,38,CONTEXT_DRAFT,"ne drawn above since they show the same edge connections between the same vertices as the original graph. 0.5 / in (0,0)/A , (1,0)/D , (2,0)/G , (3,0)/N , (4,0)/O , (1,1)/B , (2,1)/E , (3,1)/F , (4,1)/M , (3,2)/C , (2,-1)/H , (3,-1)/J , (2,-2)/I , (3,-2)/K , (4,-2)/P , (5,-2)/Q ,"
tikz-graphtheory-dor1-02-2a28815b,part2-discrete-algorithms/ch10-graph-theory/graphtheory-dor1.tex,48,CONTEXT_DRAFT,"N/O, O/P, P/Q, Q/R, M/O, K/P, L/R ( ) edge ( ); 0.5 / in (0,0)/A , (0,-1)/D , (0.6,-2.25)/G , (6,-1)/N , (3.5,2.5)/O , (.25,1)/B , (5.4,1.25)/E , (2.4,-3.5)/F , (4.6,2.25)/M , (1,1.75)/C , (1.4,-3.25)/H , (5.75,-2)/J , (6,0)/I , (3.5,-3.5)/K , (2.5,2.5)/P , (1.6,2.25)/Q , (4.4,-3"
tikz-graphtheory-dor1-03-108170f5,part2-discrete-algorithms/ch10-graph-theory/graphtheory-dor1.tex,73,CONTEXT_DRAFT,"e of the most prolific mathematicians ever, looked at this problem in 1735, laying the foundation for graph theory as a field in mathematics. To analyze this problem, Euler introduced edges representing the bridges: (2,2) ellipse (4cm and .9cm); at (2,2) North Bank ; (-1,0) ellip"
tikz-graphtheory-dor1-04-dd158e0f,part2-discrete-algorithms/ch10-graph-theory/graphtheory-dor1.tex,93,CONTEXT_DRAFT,"4,0); (5.6,0.9)--(5.2,1.45); (5.61,-0.9)--(3.8,-1.7); Since the size of each land mass it is not relevant to the question of bridge crossings, each can be shrunk down to a vertex representing the location: [ every node/.style= circle, draw, fill=yellow!20, minimum size=6mm, inner"
tikz-graphtheory-dor1-05-b9d29786,part2-discrete-algorithms/ch10-graph-theory/graphtheory-dor1.tex,138,CONTEXT_DRAFT,"Loop A loop is a special type of edge that connects a vertex to itself. Loops are not used much in street network graphs. (0,0) circle[radius=.1]; (1,-1) circle[radius=.1]; (1.5,0) circle[radius=.1]; (0,0)--(1,-1); (0,0)--(1.5,0);"
tikz-graphtheory-dor1-06-02dc636b,part2-discrete-algorithms/ch10-graph-theory/graphtheory-dor1.tex,158,CONTEXT_DRAFT,"It is possible for a vertex to have a degree of zero or larger. |c|c|c|c|c| Degree 0 & Degree 1 & Degree 2 & Degree 3 & Degree 4 (0,0) circle[radius=.1]; at (0,-1) ; & (0,0) circle[radius=.1];"
tikz-graphtheory-dor1-07-3676507b,part2-discrete-algorithms/ch10-graph-theory/graphtheory-dor1.tex,163,CONTEXT_DRAFT,"It is possible for a vertex to have a degree of zero or larger. |c|c|c|c|c| Degree 0 & Degree 1 & Degree 2 & Degree 3 & Degree 4 (0,0) circle[radius=.1]; at (0,-1) ; & (0,0) circle[radius=.1]; (0,0)--(1,1); at (-.6,-1) ; at (1,1) ; &"
tikz-graphtheory-dor1-08-09c16e85,part2-discrete-algorithms/ch10-graph-theory/graphtheory-dor1.tex,170,CONTEXT_DRAFT,"It is possible for a vertex to have a degree of zero or larger. |c|c|c|c|c| Degree 0 & Degree 1 & Degree 2 & Degree 3 & Degree 4 (0,0) circle[radius=.1]; at (0,-1) ; & (0,0) circle[radius=.1]; (0,0)--(1,1); at (-.6,-1) ; at (1,1) ; & (0,0) circle[radius=.1]; (0,0)--(1,1); (0,0)"
tikz-graphtheory-dor1-09-91936202,part2-discrete-algorithms/ch10-graph-theory/graphtheory-dor1.tex,176,CONTEXT_DRAFT,". |c|c|c|c|c| Degree 0 & Degree 1 & Degree 2 & Degree 3 & Degree 4 (0,0) circle[radius=.1]; at (0,-1) ; & (0,0) circle[radius=.1]; (0,0)--(1,1); at (-.6,-1) ; at (1,1) ; & (0,0) circle[radius=.1]; (0,0)--(1,1); (0,0)--(1,-1); & (0,0) circle[radius=.1]; (0,0)--(1,1); (0,0)--(1,-"
tikz-graphtheory-dor1-10-6fcd5b8a,part2-discrete-algorithms/ch10-graph-theory/graphtheory-dor1.tex,183,CONTEXT_DRAFT,"=.1]; at (0,-1) ; & (0,0) circle[radius=.1]; (0,0)--(1,1); at (-.6,-1) ; at (1,1) ; & (0,0) circle[radius=.1]; (0,0)--(1,1); (0,0)--(1,-1); & (0,0) circle[radius=.1]; (0,0)--(1,1); (0,0)--(1,-1); (0,0)--(-1,1); & (0,0) circle[radius=.1]; (0,0)--(1,1); (0,0)--(1,-1); (0,0)--(-1,1)"
tikz-graphtheory-dor1-11-f0f82063,part2-discrete-algorithms/ch10-graph-theory/graphtheory-dor1.tex,201,CONTEXT_DRAFT,"It is one of many possible paths in this graph. (0,2) circle[radius=.1] node[above] A ; (1,2) circle[radius=.1] node[above] B ; (2,2) circle[radius=.1] node[above] C ; (3,2) circle[radius=.1] node[above] D ; (0,1) circle[radius=.1]; at (0.3,1.3) E ; (1,1) circle[radius=.1]; at (1"
tikz-graphtheory-dor1-12-15aee7fd,part2-discrete-algorithms/ch10-graph-theory/graphtheory-dor1.tex,245,CONTEXT_DRAFT,"s shown below. (0,2) circle[radius=.1] node[above] A ; (1,2) circle[radius=.1] node[above] B ; (2,2) circle[radius=.1] node[above] C ; (3,2) circle[radius=.1] node[above] D ; (0,1) circle[radius=.1]; at (0.3,1.3) E ; (1,1) circle[radius=.1]; at (1.3,1.3) F ; (2,1) circle[radius=."
tikz-graphtheory-dor1-13-f3b42ca4,part2-discrete-algorithms/ch10-graph-theory/graphtheory-dor1.tex,289,CONTEXT_DRAFT,"e[above] B ; (2,2) circle[radius=.1] node[above] C ; (3,2) circle[radius=.1] node[above] D ; (0,1) circle[radius=.1]; at (0.3,1.3) E ; (1,1) circle[radius=.1]; at (1.3,1.3) F ; (2,1) circle[radius=.1]; at (2.3,1.3) G ; (3,1) circle[radius=.1]; at (3.3,1.3) H ; (0,0) circle[radius"
tikz-graphtheory-dor1-14-644f57fa,part2-discrete-algorithms/ch10-graph-theory/graphtheory-dor1.tex,342,CONTEXT_DRAFT,"LA ; (2,-2) circle[radius=.1] node[below] Chicago ; (4,2) circle[radius=.1] node[above] Seattle ; (6,-2) circle[radius=.1] node[below] Atlanta ; (8,0) circle[radius=.1] node[right] Dallas ; (0,0)--(2,-2); at (0.5,-1) ...70 ; (0,0)--(8,0); at (4,0.3) ...170 ; (2,-2)--(4,2); at"
tikz-graphtheory-dor1-15-2fbde9e7,part2-discrete-algorithms/ch10-graph-theory/graphtheory-dor1.tex,394,CONTEXT_DRAFT,"] [scale=1.7, graphNode/.style= circle, draw, fill=blue!20, minimum size=8mm, inner sep=0pt, font= , aboveLabel/.style= rectangle, draw=green!60!black, fill=green!20, font= , minimum height=4mm , edgeLabel/.style= font= ] (T) at (0,0) T ; ; (E) at (2,-2) E ; ; (A) at (2,1) A ; ;"
tikz-graphtheory-dor1-16-ab330718,part2-discrete-algorithms/ch10-graph-theory/graphtheory-dor1.tex,460,CONTEXT_DRAFT,"cle[radius=.1]; at (1.7,1.2) A ; (4,2) circle[radius=.1]; at (3.6,2.2) NB ; (4,0) circle[radius=.1]; at (4.05,0.3) MR ; (4,-1) circle[radius=.1]; at (4.3,-1.2) P ; (8,0) circle[radius=.1] node[right] Y ; (0,0)--(2,-2); at (0.6,-1) 57 ; (0,0)--(2,1); at (0.5, 0.5) 20 ; (2,1)--(4,2"
tikz-graphtheory-dor1-17-a575d5d4,part2-discrete-algorithms/ch10-graph-theory/graphtheory-dor1.tex,503,CONTEXT_DRAFT,"0) circle[radius=.1] node[right] Y [0] ; (0,0)--(2,-2); at (0.6,-1) 57 ; (0,0)--(2,1); at (0.5, 0.5) 20 ; (2,1)--(4,2); at (2.5,1.5) 36 ; (4,2)--(8,0); at (6,1.3) 104 ; (2,-2)--(4,-1); at (3,-1.8) 96 ; (4,-1)--(8,0); at (6,-0.7) 76 ; (2,1)--(4,0); at (3.1,0.7) 79 ; (4,0)--(4,-1);"
tikz-graphtheory-dor1-18-1f0da575,part2-discrete-algorithms/ch10-graph-theory/graphtheory-dor1.tex,537,CONTEXT_DRAFT,"us=.1] node[right] Y [0] ; (0,0)--(2,-2); at (0.6,-1) 57 ; (0,0)--(2,1); at (0.5, 0.5) 20 ; (2,1)--(4,2); at (2.5,1.5) 36 ; (4,2)--(8,0); at (6,1.3) 104 ; (2,-2)--(4,-1); at (3,-1.8) 96 ; (4,-1)--(8,0); at (6,-0.7) 76 ; (2,1)--(4,0); at (3.1,0.7) 79 ; (4,0)--(4,-1); at (3.7, -0.5"
tikz-graphtheory-dor1-19-ba0daf14,part2-discrete-algorithms/ch10-graph-theory/graphtheory-dor1.tex,576,CONTEXT_DRAFT,"ght] [0] ; (0,0)--(2,-2); at (0.6,-1) 57 ; (0,0)--(2,1); at (0.5, 0.5) 20 ; (2,1)--(4,2); at (2.5,1.5) 36 ; (4,2)--(8,0); at (6,1.3) 104 ; (2,-2)--(4,-1); at (3,-1.8) 96 ; (4,-1)--(8,0); at (6,-0.7) 76 ; (2,1)--(4,0); at (3.1,0.7) 79 ; (4,0)--(4,-1); at (3.7, -0.5) 27 ; (4,0)--(8"
tikz-graphtheory-dor1-20-ad25bc85,part2-discrete-algorithms/ch10-graph-theory/graphtheory-dor1.tex,613,CONTEXT_DRAFT,"ght] [0] ; (0,0)--(2,-2); at (0.6,-1) 57 ; (0,0)--(2,1); at (0.5, 0.5) 20 ; (2,1)--(4,2); at (2.5,1.5) 36 ; (4,2)--(8,0); at (6,1.3) 104 ; (2,-2)--(4,-1); at (3,-1.8) 96 ; (4,-1)--(8,0); at (6,-0.7) 76 ; (2,1)--(4,0); at (3.1,0.7) 79 ; (4,0)--(4,-1); at (3.7, -0.5) 27 ; (4,0)--(8"
tikz-graphtheory-dor1-21-13989287,part2-discrete-algorithms/ch10-graph-theory/graphtheory-dor1.tex,649,CONTEXT_DRAFT,")--(8,0); at (6,1.3) 104 ; (2,-2)--(4,-1); at (3,-1.8) 96 ; (4,-1)--(8,0); at (6,-0.7) 76 ; (2,1)--(4,0); at (3.1,0.7) 79 ; (4,0)--(4,-1); at (3.7, -0.5) 27 ; (4,0)--(8,0); at (6,0.3) 96 ; Step 3 & 4 (#4): We mark NB as visited, and designate A as current, since it now has the"
tikz-graphtheory-dor1-22-a727336c,part2-discrete-algorithms/ch10-graph-theory/graphtheory-dor1.tex,685,CONTEXT_DRAFT,"20 ; (2,1)--(4,2); at (2.5,1.5) 36 ; (4,2)--(8,0); at (6,1.3) 104 ; (2,-2)--(4,-1); at (3,-1.8) 96 ; (4,-1)--(8,0); at (6,-0.7) 76 ; (2,1)--(4,0); at (3.1,0.7) 79 ; (4,0)--(4,-1); at (3.7, -0.5) 27 ; (4,0)--(8,0); at (6,0.3) 96 ; Step 3 & 4 (#5): We mark A as visited, and desig"
tikz-graphtheory-dor1-31-0fcfd924,part2-discrete-algorithms/ch10-graph-theory/graphtheory-dor1.tex,1296,CAPTION_DRAFT,"Prim's Algorithm (Descriptive Version)"
tikz-graphtheory-dor1-38-7c96767c,part2-discrete-algorithms/ch10-graph-theory/graphtheory-dor1.tex,1837,CONTEXT_DRAFT,"Create a graph showing this data. |l|c|c|c|c| &Honolulu&London&Moscow&Cairo Seattle &...370&...684 Honolulu&&...854&...245&...329"
tikz-graphtheory-dor1-39-c1f83ab1,part2-discrete-algorithms/ch10-graph-theory/graphtheory-dor1.tex,1918,CONTEXT_DRAFT,",1) circle[radius=.1]; (1,0)--(1,1); (1,0)--(2,1); (1,1)--(2,1); (0,0)--(0,1); & (0,0) circle[radius=.1]; (1,0) circle[radius=.1]; (0,1) circle[radius=.1]; (1,1) circle[radius=.1]; (2,1) circle[radius=.1]; (0,0)--(1,0); (1,0)--(1,1); (0,1)--(1,1); (1,0)--(2,1); (1,1)--(2,1); (0,0"
tikz-graphtheory-dor1-40-b546b28e,part2-discrete-algorithms/ch10-graph-theory/graphtheory-dor1.tex,1934,CONTEXT_DRAFT,"(0,1);  &&  Which of these graphs are connected? |c|c|c| && (0,0) circle[radius=.1]; (1,0) circle[radius=.1]; (2,0) circle[radius=.1]; (.5,1) circle[radius=.1]; (1.5,1) circle[radius=.1]; (0,2) circle[radius=.1]; (1,2) circle[radius=.1]; (2,2) circle[radius=.1]; (0,0)--"
tikz-graphtheory-dor1-41-48dd4b39,part2-discrete-algorithms/ch10-graph-theory/graphtheory-dor1.tex,1952,CONTEXT_DRAFT,"1); (0,2)--(1,2); (1,2)--(2,2); & (0,0) circle[radius=.1]; (1,0) circle[radius=.1]; (2,0) circle[radius=.1]; (.5,1) circle[radius=.1]; (1.5,1) circle[radius=.1]; (0,2) circle[radius=.1]; (1,2) circle[radius=.1]; (2,2) circle[radius=.1]; (0,0)--(1,0); (1,0)--(1.5,1); (0.5,1)--(1.5"
tikz-graphtheory-dor1-42-b2ad07b8,part2-discrete-algorithms/ch10-graph-theory/graphtheory-dor1.tex,1964,CONTEXT_DRAFT,"adius=.1]; (2,2) circle[radius=.1]; (0,0)--(1,0); (1,0)--(1.5,1); (0.5,1)--(1.5,1); (0,2)--(0.5,1); (1,2)--(2,2); (1.5,1)--(2,2); (1.5,1)--(2,0); & (0,0) circle[radius=.1]; (1,0) circle[radius=.1]; (2,0) circle[radius=.1]; (.5,1) circle[radius=.1]; (1.5,1) circle[radius=.1]; (0,2"
tikz-graphtheory-dor1-43-b7833a77,part2-discrete-algorithms/ch10-graph-theory/graphtheory-dor1.tex,1976,CONTEXT_DRAFT,"dius=.1]; (1,0) circle[radius=.1]; (2,0) circle[radius=.1]; (.5,1) circle[radius=.1]; (1.5,1) circle[radius=.1]; (0,2) circle[radius=.1]; (1,2) circle[radius=.1]; (2,2) circle[radius=.1]; (0,0)--(1,0); (1,0)--(1.5,1); (0.5,1)--(1.5,1); (0,2)--(0,0); (1,2)--(2,2); (2,2)--(2,0); (0"
tikz-graphtheory-dor1-44-e8e77b12,part2-discrete-algorithms/ch10-graph-theory/graphtheory-dor1.tex,1999,CONTEXT_DRAFT,"0 (4,-2.5); (4,-2.5) to node[left] 3.55 (6,-1.5); (6,-1.5) to node[above] 3:10 (8,-2); (6,-1.5) to node[left] 4:00 (4.5,2); (8,-2) to node[right] 5:45 (7,2); (7,2) to node[below] 6:10 (4.5,2); Using the graph from the previous problem, find the path with shortest travel time from"
tikz-graphtheory-dor1-45-8e6c99fb,part2-discrete-algorithms/ch10-graph-theory/graphtheory-dor1.tex,2015,CONTEXT_DRAFT,"Does each of these graphs have an Euler circuit? If so, find it. |c|c|c| && (0,0) circle[radius=.1]; (1,1) circle[radius=.1]; (2,0) circle[radius=.1]; (0,2) circle[radius=.1]; (2,2) circle[radius=.1]; (0,0)--(2,0); (0,0)--(1,1); (1,1)--(0,2); (0,2)--(2,2);"
tikz-graphtheory-dor1-46-692351e0,part2-discrete-algorithms/ch10-graph-theory/graphtheory-dor1.tex,2033,CONTEXT_DRAFT,",2); (0,2)--(2,2); (1,1)--(2,2); (1,1)--(2,0); & (0,0) circle[radius=.1]; (1,1) circle[radius=.1]; (1,0) circle[radius=.1]; (2,0) circle[radius=.1]; (1,-1) circle[radius=.1]; (2,-1) circle[radius=.1]; (0,0)--(1,0); (1,0)--(2,0); (0,0)--(1,1); (1,1)--(1,0); (1,0)--(1,-1); (1,1)--("
tikz-graphtheory-dor1-47-5eb101ab,part2-discrete-algorithms/ch10-graph-theory/graphtheory-dor1.tex,2056,CONTEXT_DRAFT,",0)--(1,-1); & (0,0) circle[radius=.1]; (1,1) circle[radius=.1]; (2,0) circle[radius=.1]; (0,2) circle[radius=.1]; (2,2) circle[radius=.1]; (0,0) to [bend right](1,1); (0,0) to [bend left](1,1); (1,1)--(0,2); (0,0)--(2,0); (1,1)--(2,2); (0,2)--(2,2); (2,0)--(2,2); (0,0)--(0,2); ("
tikz-graphtheory-dor1-48-dafe33e7,part2-discrete-algorithms/ch10-graph-theory/graphtheory-dor1.tex,2082,CONTEXT_DRAFT,",1)--(4,0)--(3,-2)--(1,-2)--(0,0)--(4,0)--(1,-2)--(2,1)--(3,-2)--(0,0); & (0,0) circle[radius=.1]; (2,0) circle[radius=.1]; (4,0) circle[radius=.1]; (1,1) circle[radius=.1]; (3,1) circle[radius=.1]; (2,2) circle[radius=.1]; (0,0)--(2,0)--(4,0)--(3,1)--(2,0)--(1,1)--(0,0); (1,1)--"
tikz-graphtheory-dor1-49-68959709,part2-discrete-algorithms/ch10-graph-theory/graphtheory-dor1.tex,2096,CONTEXT_DRAFT,"1]; (2,2) circle[radius=.1]; (0,0)--(2,0)--(4,0)--(3,1)--(2,0)--(1,1)--(0,0); (1,1)--(3,1)--(2,2)--(1,1); & (0,0) circle[radius=.1]; (3,0) circle[radius=.1]; (0,2) circle[radius=.1]; (3,2) circle[radius=.1]; (1.5,1) circle[radius=.1]; (0,0)--(3,0)--(3,2)--(0,2)--(0,0); (0,2)--(1."
tikz-graphtheory-dor1-50-b5b22d83,part2-discrete-algorithms/ch10-graph-theory/graphtheory-dor1.tex,2115,CONTEXT_DRAFT,"s=.1]; (2,1) circle[radius=.1]; (0,2) circle[radius=.1]; (1,2) circle[radius=.1]; (2,2) circle[radius=.1]; (0,3) circle[radius=.1]; (1,3) circle[radius=.1]; (2,3) circle[radius=.1]; (0,0)--(1,0)--(2,0)--(2,1)--(1,1)--(0,1)--(0,2)--(1,2)--(2,2)--(2,3)--(1,3)--(0,3)--(0,2); (1,3)--"
tikz-graphtheory-dor1-51-60766773,part2-discrete-algorithms/ch10-graph-theory/graphtheory-dor1.tex,2141,CONTEXT_DRAFT,"1]; (4,2) circle[radius=.1]; (6,2) circle[radius=.1]; (0,3) circle[radius=.1]; (2,3) circle[radius=.1]; (4,3) circle[radius=.1]; (6,3) circle[radius=.1]; (0,0)--(2,0)--(4,0)--(6,0)--(6,1)--(6,2)--(6,3)--(4,3)--(2,3)--(0,3)--(0,2)--(2,2)--(2,1)--(0,1)--(0,0); (2,0)--(2,1)--(4,1)--"
tikz-graphtheory-dor1-52-c1e1499c,part2-discrete-algorithms/ch10-graph-theory/graphtheory-dor1.tex,2150,CONTEXT_DRAFT,"Find an efficient route for the neighborhood below by finding an Euler circuit. If necessary, eulerize the graph in an efficient way."
tikz-graphtheory-dor1-53-02bb0b07,part2-discrete-algorithms/ch10-graph-theory/graphtheory-dor1.tex,2162,CONTEXT_DRAFT,"cessary, eulerize the graph in an efficient way. (1,0) circle[radius=.1]; (2,0) circle[radius=.1]; (3,0) circle[radius=.1]; (4,0) circle[radius=.1]; (5,0) circle[radius=.1]; (6,0) circle[radius=.1]; (0,1) circle[radius=.1]; (1,1) circle[radius=.1]; (4,1) circle[radius=.1]; (5,1"
tikz-graphtheory-dor1-54-ed818e71,part2-discrete-algorithms/ch10-graph-theory/graphtheory-dor1.tex,2179,CONTEXT_DRAFT,"If so, find one."
tikz-graphtheory-dor1-55-c69e3894,part2-discrete-algorithms/ch10-graph-theory/graphtheory-dor1.tex,2200,CONTEXT_DRAFT,"|c|c|c| && (0,0) circle[radius=.1]; (1,1) circle[radius=.1]; (2,0) circle[radius=.1]; (0,2) circle[radius=.1]; (2,2) circle[radius=.1]; (0,0)--(2,0); (0,0)--(1,1); (1,1)--(0,2); (0,2)--(2,2); (1,1)--(2,2); (1,1)--(2,0); & (0,0) circle[radius=.1]; (1.5,0) circle[radius=.1]; (3,0"
tikz-graphtheory-dor1-56-7c490159,part2-discrete-algorithms/ch10-graph-theory/graphtheory-dor1.tex,2232,CONTEXT_DRAFT,"If so, find one.  |c|c|c|"
tikz-graphtheory-dor1-57-dafe33e7,part2-discrete-algorithms/ch10-graph-theory/graphtheory-dor1.tex,2263,CONTEXT_DRAFT,".7,.7); (2,0)--(1.4,.7); (2,2)--(1.4,1.4); (0,2)--(.7,1.4); & (0,0) circle[radius=.1]; (1.5,0) circle[radius=.1]; (3,0) circle[radius=.1]; (0.75,2) circle[radius=.1]; (2.25,2) circle[radius=.1]; (0,0)--(0.75,2); (0,0)--(2.25,2); (1.5,0)--(0.75,2); (1.5,0)--(2.25,2); (3,0)--(0.75,"
tikz-graphtheory-dor1-58-75e6f7de,part2-discrete-algorithms/ch10-graph-theory/graphtheory-dor1.tex,2277,CONTEXT_DRAFT,"2); (1.5,0)--(0.75,2); (1.5,0)--(2.25,2); (3,0)--(0.75,2); (3,0)--(2.25,2); & (0,0) circle[radius=.1]; (1,1) circle[radius=.1]; (1,0) circle[radius=.1]; (2,0) circle[radius=.1]; (1,-1) circle[radius=.1]; (2,-1) circle[radius=.1]; (0,0)--(1,0); (1,0)--(2,0); (0,0)--(1,1); (1,1)--("
tikz-graphtheory-dor1-59-3c3b05bf,part2-discrete-algorithms/ch10-graph-theory/graphtheory-dor1.tex,2295,CONTEXT_DRAFT,"Driving distances between the stores are shown below. Find a route for the driver to follow, returning to the distribution center in Fort Worth: Using Nearest Neighbor starting in Fort Worth Using Repeated Nearest Neighbor Using Sorted Edges |l|c|c|c|c|"
tikz-graphtheory-dor1-60-fda44dcb,part2-discrete-algorithms/ch10-graph-theory/graphtheory-dor1.tex,2315,CONTEXT_DRAFT,"ite&&&43&56 Arlington&&&&50 A salesperson needs to travel from Seattle to Honolulu, London, Moscow, and Cairo. Use the table of flight costs from problem #4 to find a route for this person to follow: Using Nearest Neighbor starting in Seattle Using Repeated Nearest Neighbor"
tikz-graphtheory-dor1-61-db94e8ec,part2-discrete-algorithms/ch10-graph-theory/graphtheory-dor1.tex,2332,CONTEXT_DRAFT,"ill minimize cost: Using Nearest Neighbor starting at building A Using Repeated Nearest Neighbor Using Sorted Edges (0,0) to node[fill=white] ...5.1 (2,3); (0,0) to node[fill=white] ...4.3 (-1,1.5); (3,0) to node[pos=0.6, fill=white] ...5.8 (5,1.5); (-1,1.5) to node[fill=whi"
tikz-graphtheory-dor1-62-68959709,part2-discrete-algorithms/ch10-graph-theory/graphtheory-dor1.tex,2346,CONTEXT_DRAFT,"Driving distances, in kilometers, between the cities are shown below . Find a route for the person to follow, returning to the starting city: Using Nearest Neighbor starting in Jerusalem Using Repeated Nearest Neighbor Using Sorted Edges"
tikz-graphtheory-dor1-63-40153fd7,part2-discrete-algorithms/ch10-graph-theory/graphtheory-dor1.tex,2404,CONTEXT_DRAFT,"(0,2) circle[radius=.1]; (2,2) circle[radius=.1]; (4,2) circle[radius=.1]; (0,0)--(0,2); (0,0)--(2,2); (0,0)--(4,2); (2,0)--(0,2); (2,0)--(2,2); (2,0)--(4,2); (4,0)--(0,2); (4,0)--(2,2); (4,0)--(4,2);  Eulerize this graph in the most efficient way possible, considering the wei"
tikz-graphtheory-dor1-64-d29521d8,part2-discrete-algorithms/ch10-graph-theory/graphtheory-dor1.tex,2469,CONTEXT_DRAFT,"(8,0); (0,1) to node[above] 2 (2,1); (2,1)to node[above] 4 (6,1); (6,1) to node[above] 2 (8,1); (0,2) to node[above] 2 (2,2); (2,2)to node[above] 4 (6,2); (6,2)to node[above] 2 (8,2); (0,3) to node[above] 2 (2,3); (2,3)to node[above] 4 (6,3); (6,3)to node[above] 2 (8,3); (0,0) to"
tikz-graphtheory-dor1-65-265d922c,part2-discrete-algorithms/ch10-graph-theory/graphtheory-dor1.tex,2489,CONTEXT_DRAFT,"3); (8,2) to node[left] 1 (8,3);  Eulerize this graph in the most efficient way possible, considering the weights of the edges. (0,0) to node[fill=white] 26 (3,0); (0,0) to node[near end, fill=white] 24 (2,3); (0,0) to node[fill=white] 44 (-1,1.5); (3,0) to node[pos=0.49,fill"
tikz-graphtheory-dor1-66-f94e9071,part2-discrete-algorithms/ch10-graph-theory/graphtheory-dor1.tex,2523,CONTEXT_DRAFT,",1.5); (-1,1.5) to node[fill=white] 5 (2,3); (-1,1.5) to node[pos=0.2, fill=white] 6 (5,1.5); (0,0) circle[radius=.1] node[below] E ; (3,0) circle[radius=.1] node[below] C ; (-1,1.5) circle[radius=.1] node[left] D ; (2,3) circle[radius=.1] node[above] A ; (5,1.5) circle[radius=.1"
tikz-graphtheory-dor1-67-58bc5357,part2-discrete-algorithms/ch10-graph-theory/graphtheory-dor1.tex,2569,CONTEXT_DRAFT,"Use Dijkstra's algorithm to find the shortest path between the two vertices with odd degree. Does this produce the most efficient eulerization and solve the Chinese Postman Problem for this graph? (0,0) circle[radius=.1]; (2,0) circle[radius=.1]; (6,0) circle[radius=.1]; (8,0)"
tikz-graphtheory-dor1-68-b5c9652c,part2-discrete-algorithms/ch10-graph-theory/graphtheory-dor1.tex,2587,CONTEXT_DRAFT,"circle[radius=.1]; (0,0) to node[above] 5 (2,0); (2,0)to node[above] 6 (6,0); (6,0) to node[above] 7 (8,0); (0,1) to node[above] 7 (2,1); (2,1)to node[near end, fill=white] 5 (6,1); (6,1) to node[above] 2 (8,1); (0,2) to node[above] 4 (2,2); (2,2)to node[above] 7 (6,2); (6,2)to"
tikz-graphtheory-dor1-69-e486d08d,part2-discrete-algorithms/ch10-graph-theory/graphtheory-dor1.tex,2653,CONTEXT_DRAFT,"[radius=.1] node [left] B ; (4,0) circle[radius=.1] node [right] C ; (2,2) circle[radius=.1] node [above] D ; (2,4) circle[radius=.1] node [above] A ; (4,0)--(0,0); (0,0)--(2,2); (2,4)--(0,0); (2,2)--(4,0); (4,0)--(2,4); at (2,-0.3) 5 ; at (1.4,1) 3 ; at (0.7,2.2) 2 ; at (2.7,1)"
tikz-graphtheory-dor1-70-8b8c4c39,part2-discrete-algorithms/ch10-graph-theory/graphtheory-dor1.tex,2714,CONTEXT_DRAFT,"; (4,2) circle[radius=.1] node [right] E ; (2,4) circle[radius=.1] node [above] D ; (0,0)--(2,0); (0,2)--(0,0); (2,0)--(0,2); (4,2)--(2,0); (2,0)--(4,0); (0,2)--(4,2); (2,4)--(0,2); (4,2)--(2,4); (4,0)--(4,2); at (-.3,1) 4 ; at (1,0.3) 5 ; at (1.3,1) 3 ; at (0.7,3) 9 ; at (2,2.3"
tikz-graphtheory-dor1-71-eb4b8064,part2-discrete-algorithms/ch10-graph-theory/graphtheory-dor1.tex,2732,CONTEXT_DRAFT,"Euler's Path and Circuit Theorems A graph will contain an Euler path if it contains at most two vertices of odd degree. A graph will contain an Euler circuit if all vertices have even degree"
tikz-graphtheory-dor1-72-31687411,part2-discrete-algorithms/ch10-graph-theory/graphtheory-dor1.tex,2763,CONTEXT_DRAFT,", (3,0)/N , (4,0)/O , (1,1)/B , (2,1)/E , (3,1)/F , (4,1)/M , (3,2)/C , (2,-1)/H , (3,-1)/J , (2,-2)/I , (3,-2)/K , (4,-2)/P , (5,-2)/Q , (3,-3)/L , (5,-3)/R ( ) at ; / in A/D, D/G, A/B, B/E, B/C, C/F, E/F, F/M, D/E, E/G, G/H, H/I, H/J, I/K, J/K, K/L, N/J, F/N, F/M, N/O, O/P, P/Q"
tikz-graphtheory-dor1-73-b9fc78c4,part2-discrete-algorithms/ch10-graph-theory/graphtheory-dor1.tex,2787,CONTEXT_DRAFT,"K, K/L, N/J, F/N, F/M, N/O, O/P, P/Q, Q/R, M/O, K/P, L/R ( ) edge ( ); (1,0) circle[radius=.3]; at (1,0) D ; (1,1) circle[radius=.3]; at (1,1) B ; (2,0) circle[radius=.3]; at (2,0) G ; (3,0) circle[radius=.3]; at (3,0) N ; (4,0) circle[radius=.3]; at (4,0) O ; (2,-1) circle[radiu"
tikz-graphtheory-dor1-74-52f8addf,part2-discrete-algorithms/ch10-graph-theory/graphtheory-dor1.tex,2837,CONTEXT_DRAFT,"&option, so the rest of the &Choosing DE. &circuit is determined. (0,0) circle[radius=.1] node [left] B ; (1,2) circle[radius=.1] node [left] A ;"
tikz-graphtheory-dor1-75-f7587543,part2-discrete-algorithms/ch10-graph-theory/graphtheory-dor1.tex,2857,CONTEXT_DRAFT,"1,-2); (1,2)--(3,1); (1,-2)--(3,1); (3,1)--(3,-1); & (0,0) circle[radius=.1] node [left] B ; (1,2) circle[radius=.1] node [left] A ; (1,-2) circle[radius=.1] node [left] C ; (3,-1) circle[radius=.1] node [right] E ; (3,1) circle[radius=.1] node [right] D ; (0,0)--(3,1); (0,0)--(3"
tikz-graphtheory-dor1-76-390ec09c,part2-discrete-algorithms/ch10-graph-theory/graphtheory-dor1.tex,2867,CONTEXT_DRAFT,".1] node [right] D ; (0,0)--(3,1); (0,0)--(3,-1); (1,2)--(1,-2); (1,-2)--(3,1); (3,1)--(3,-1); & (0,0) circle[radius=.1] node [left] B ; (1,2) circle[radius=.1] node [left] A ; (1,-2) circle[radius=.1] node [left] C ; (3,-1) circle[radius=.1] node [right] E ; (3,1) circle[radius="
tikz-graphtheory-dor1-77-a5782611,part2-discrete-algorithms/ch10-graph-theory/graphtheory-dor1.tex,2899,CONTEXT_DRAFT,"circle[radius=.1] node[left] D ; (6,2) circle[radius=.1] node[right] E ; (6,-2) circle[radius=.1] node[right] F ; (8,0) circle[radius=.1] node[right] G ; (0,0)--(2,2); (0,0)--(2,-2); (2,2)--(4,0); (2,-2)--(4,0); (4,0)--(6,2); (4,0)--(6,-2); (6,2)--(8,0); (6,-2)--(8,0); (2,2)--(6"
tikz-graphtheory-dor1-78-30fbb21c,part2-discrete-algorithms/ch10-graph-theory/graphtheory-dor1.tex,2937,CONTEXT_DRAFT,"]; (0,1) circle[radius=.1]; (1,1) circle[radius=.1]; (2,1) circle[radius=.1]; (3,1) circle[radius=.1]; (0,0) circle[radius=.1]; (1,0) circle[radius=.1]; (2,0) circle[radius=.1]; (3,0) circle[radius=.1]; (0,0)--(0,1); (0,1)--(0,2); (1,0)--(1,1); (1,1)--(1,2); (2,0)--(2,1); (2,1)--"
tikz-graphtheory-dor1-79-9f3db18a,part2-discrete-algorithms/ch10-graph-theory/graphtheory-dor1.tex,2951,CONTEXT_DRAFT,"adius=.1]; (3,0) circle[radius=.1]; (0,0)--(0,1); (0,1)--(0,2); (1,0)--(1,1); (1,1)--(1,2); (2,0)--(2,1); (2,1)--(2,2); (3,0)--(3,1); (3,1)--(3,2); (0,0)--(1,0); (1,0)--(2,0); (2,0)--(3,0); (0,1)--(1,1); (1,1)--(2,1); (2,1)--(3,1); (0,2)--(1,2); (1,2)--(2,2); (2,2)--(3,2); & (0,2"
tikz-graphtheory-dor1-80-764edcb5,part2-discrete-algorithms/ch10-graph-theory/graphtheory-dor1.tex,2964,CONTEXT_DRAFT,",2) circle[radius=.1]; (2,2) circle[radius=.1]; (3,2) circle[radius=.1]; (0,1) circle[radius=.1]; (1,1) circle[radius=.1]; (2,1) circle[radius=.1]; (3,1) circle[radius=.1]; (0,0) circle[radius=.1]; (1,0) circle[radius=.1]; (2,0) circle[radius=.1]; (3,0) circle[radius=.1]; (0,0)--"
tikz-graphtheory-dor1-81-fde27163,part2-discrete-algorithms/ch10-graph-theory/graphtheory-dor1.tex,2984,CONTEXT_DRAFT,"(2,2); (3,0)--(3,1); (3,1)--(3,2); (0,0)--(1,0); (1,0)--(2,0); (2,0)--(3,0); (0,1)--(1,1); (1,1)--(2,1); (2,1)--(3,1); (0,2)--(1,2); (1,2)--(2,2); (2,2)--(3,2); (1,2) to [bend left] (2,2); (0,1) to [bend left] (1,1); (1,1) to [bend left] (2,1); (2,1) to [bend left] (3,1); (1,0) t"
tikz-graphtheory-dor1-82-f1b97b1f,part2-discrete-algorithms/ch10-graph-theory/graphtheory-dor1.tex,3022,CONTEXT_DRAFT,"(2,2); (3,0)--(3,1); (3,1)--(3,2); (0,0)--(1,0); (1,0)--(2,0); (2,0)--(3,0); (0,1)--(1,1); (1,1)--(2,1); (2,1)--(3,1); (0,2)--(1,2); (1,2)--(2,2); (2,2)--(3,2); (2,2) to [bend left] (3,2); (0,1) to [bend left] (1,1); (1,0) to [bend left] (2,0); (1,2) to [bend left] (1,1); (3,2) t"
tikz-graphtheory-dor1-83-763cb4f9,part2-discrete-algorithms/ch10-graph-theory/graphtheory-dor1.tex,3054,CONTEXT_DRAFT,"dius=.1]; (3,0) circle[radius=.1]; (0,0)--(0,1); (0,1)--(0,2); (1,0)--(1,1); (1,1)--(1,2); (2,0)--(2,1); (2,1)--(2,2); (3,0)--(3,1); (3,1)--(3,2); (0,0)--(1,0); (1,0)--(2,0); (2,0)--(3,0); (0,1)--(1,1); (1,1)--(2,1); (2,1)--(3,1); (0,2)--(1,2); (1,2)--(2,2); (2,2)--(3,2); (0,1) t"
tikz-graphtheory-dor1-84-664706fd,part2-discrete-algorithms/ch10-graph-theory/graphtheory-dor1.tex,3091,CONTEXT_DRAFT,"can in honor of the Chinese mathematician Mei-Ko Kwan who first studied the problem in 1962 while trying to find optimal delivery routes for postal carriers. This problem is important in determining efficient routes for garbage trucks, school buses, parking meter checkers, street"
tikz-graphtheory-dor1-85-1cd83454,part2-discrete-algorithms/ch10-graph-theory/graphtheory-dor1.tex,3128,CONTEXT_DRAFT,"(1.3,1.3) F ; (2,1) circle[radius=.1]; at (2.3,1.3) G ; (3,1) circle[radius=.1]; at (3.3,1.3) H ; (0,0) circle[radius=.1] node[below] J ; (1,0) circle[radius=.1] node[below] K ; (2,0) circle[radius=.1] node[below] L ; (3,0) circle[radius=.1] node[below] M ; (0,0)--(0,1); (0,1)--"
tikz-graphtheory-dor1-86-8b8c4c39,part2-discrete-algorithms/ch10-graph-theory/graphtheory-dor1.tex,3178,CONTEXT_DRAFT,"In what order should he travel to visit each city once then return home with the lowest cost? 0.5 (0,0) circle[radius=.1] node[below] Chicago ;"
tikz-graphtheory-dor1-87-bd765a35,part2-discrete-algorithms/ch10-graph-theory/graphtheory-dor1.tex,3221,CONTEXT_DRAFT,"inimum cost Hamiltonian circuit on the graph below. (0,0) circle[radius=.1] node [left] B ; (4,0) circle[radius=.1] node [right] C ; (2,2) circle[radius=.1] node [right] D ; (2,4) circle[radius=.1] node [above] A ; (0,0)--(4,0); (0,0)--(2,2); (0,0)--(2,4); (4,0)--(2,2); (4,0)--"
tikz-graphtheory-dor1-88-52f8addf,part2-discrete-algorithms/ch10-graph-theory/graphtheory-dor1.tex,3266,CONTEXT_DRAFT,"There is then only one choice for the last city before returning home. This can be shown visually: at (0,0) A ; at (1,0) C ; at (2.5,0) A ; at (3.5,0) D ; at (5,0) D ; at (6,0) C ; at (8,0) A ;"
tikz-graphtheory-dor1-89-2ca04aba,part2-discrete-algorithms/ch10-graph-theory/graphtheory-dor1.tex,3290,CONTEXT_DRAFT,"at (6,0) C ; at (8,0) A ; at (9,0) C ; at (10.5,0) A ; at (11.5,0) L ; at (13,0) L ; at (14,0) C ; at (16,0) A ; at (17,0) L ; at (18.5,0) A ; at (19.5,0) D ; at (21,0) D ; at (22,0) L ; at (23,0) L ; at (24,0) C ; at (25.5,0) L ; at (26.5,0) D ; at (28,0) D ; at (29,0) C ; at (0"
tikz-graphtheory-dor1-90-31969058,part2-discrete-algorithms/ch10-graph-theory/graphtheory-dor1.tex,3324,CONTEXT_DRAFT,"1) C ; at (14,1) L ; at (16,1) L ; at (17,1) A ; at (18.5,1) D ; at (19.5,1) A ; at (21,1) L ; at (22,1) D ; at (23,1) C ; at (24,1) L ; at (25.5,1) D ; at (26.5,1) L ; at (28,1) C ; at (29,1) D ; (0,.8)--(0,.2); (1,.8)--(1,.2); (2.5,.8)--(2.5,.2); (3.5,.8)--(3.5,.2); (5,.8)--(5,"
tikz-graphtheory-dor1-91-71192212,part2-discrete-algorithms/ch10-graph-theory/graphtheory-dor1.tex,3371,CONTEXT_DRAFT,"at (0.5,2) D ; at (3,2) C ; at (5.5,2) A ; at (8.5,2) L ; at (11,2) C ; at (13.5,2) A ; at (16.5,2) D ; at (19,2) L ; at (21.5,2) A ; at (23.5,2) D ; at (26,2) C ; at (28.5,2) L ; (0.5,1.8)--(0,1.2); (0.5,1.8)--(1,1.2); (3,1.8)--(2.5,1.2); (3,1.8)--(3.5,1.2); (5.5,1.8)--(5,1.2);"
tikz-graphtheory-dor1-92-31969058,part2-discrete-algorithms/ch10-graph-theory/graphtheory-dor1.tex,3601,CONTEXT_DRAFT,"The computers are labeled A-F for convenience. |l|c|c|c|c|c|c| &A&B&C&D&E&F A&--&44&34&12&40&41 B&44&--&31&43&24&50"
tikz-graphtheory-dor1-93-7dedaa58,part2-discrete-algorithms/ch10-graph-theory/graphtheory-dor1.tex,3644,CAPTION_DRAFT,"Comparison of Python Graph Libraries"
tikz-graphtheory-dor1-94-31969058,part2-discrete-algorithms/ch10-graph-theory/graphtheory-dor1.tex,3681,CAPTION_DRAFT,"Comparison of Python Graph Libraries"
tikz-graphtheory-dor1-105-9a743118,part2-discrete-algorithms/ch10-graph-theory/graphtheory-dor1.tex,4121,CONTEXT_DRAFT,"graph libraries. [h!] @ lccccc@ & & & & &  & Low & High & Small–Medium & Basic & Moderate  & Very High & Low & Large & Advanced & Basic  & High & Moderate & Medium–Large & Strong & Limited  & Very High & Low & Very Large & Advanced & None  & Very High & Low & Large & M"
tikz-equations-and-lines-new-01-ed983624,appendices/equations-and-lines/equations-and-lines-new.tex,60,CONTEXT_DRAFT,"Graphing a Line Graph the line: (y = 3x + 2). Choose convenient ...-values: [ x = -1 y = 3(-1) + 2 = -1 (-1,-1) ] [ x = 0 y = 3(0) + 2 = 2 (0,2) ] [ x = 1 y = 3(1) + 2 = 5 (1,5)"
tikz-equations-and-lines-new-02-7e3be8a0,appendices/equations-and-lines/equations-and-lines-new.tex,105,CONTEXT_DRAFT,"; (2,8) -- (-1.6667, -3); Graphing Another Line Graph the line: (2x + y = 4). Choose points: [ x = -1 2(-1) + y =4 y =6 (-1,6) ] [ x = 0 y =4 (0,4) ] [ y = 2 2x+2=4 x=1 (1,2)"
tikz-equations-and-lines-new-03-9c3413e4,appendices/equations-and-lines/equations-and-lines-new.tex,153,CONTEXT_DRAFT,"For the ...-intercept, set ...: [ 2x -3(0)=6 x=3 (3,0). ] For the ...-intercept, set ...: [ 2(0)-3y=6 y=-2 (0,-2)."
tikz-equations-and-lines-new-04-1a958bdd,appendices/equations-and-lines/equations-and-lines-new.tex,193,CONTEXT_DRAFT,"(x=3+2t,; y=1+t). Parametric Equations Graph the line (x=3+2t, y=1+t.) Let ...: [ t=0 (x,y)=(3,1), t=1 (5,2), t=2 (7,3)."
tikz-equations-and-lines-new-05-c8483e90,appendices/equations-and-lines/equations-and-lines-new.tex,235,CONTEXT_DRAFT,"; (-3,-2) -- (8, 3.5); [ x = a (a,0), y = b (0,b). ] Horizontal and Vertical Lines Graph (x=-2) and (y=3)."
tikz-equations-and-lines-new-06-62c99a7d,appendices/equations-and-lines/equations-and-lines-new.tex,253,CONTEXT_DRAFT,"; in -2,2,4,6 ( ,0.5) -- ( ,-0.5) node[below] ; in -2,2,4,6 (0.5, ) -- (-0.5, ) node[left] ; at (0,3) [circle,fill,inner sep=1.5pt] ; at (0,3) ... ;"
tikz-equations-and-lines-new-07-d878f001,appendices/equations-and-lines/equations-and-lines-new.tex,300,CONTEXT_DRAFT,"] Finding Slope Find the slope of the line through ((-2,3)) and ((4,-1)). [ m= 4-(-2) = 6 =- 3 ."
tikz-equations-and-lines-new-08-89edde16,appendices/equations-and-lines/equations-and-lines-new.tex,352,CONTEXT_DRAFT,"ndefined slope; horizontal lines have slope 0. Vertical and Horizontal Slopes a) For points ((2,3)) and ((2,-1)): [ m= 2-2 = 0 ] b) For points ((-1,-4)) and ((3,-4)): [ m= 3-(-1) = 4 =0 ] Graphing a Line from a Point and Slope Graph the line passing through ((1,2))"
tikz-equations-and-lines-new-09-85303d2c,appendices/equations-and-lines/equations-and-lines-new.tex,525,CONTEXT_DRAFT,"] At ...: ... or ...."
tikz-equations-and-lines-new-10-59c19b31,appendices/equations-and-lines/equations-and-lines-new.tex,571,CONTEXT_DRAFT,"or .... Equilibrium: Price = ...x...y...y=3.5x-14...y=-2.5x+34...(8,14)...C...R...C=R...R=5x...C=3x+12...x=6...R=C=30$."
tikz-curvilinearPolar-01-c075234c,appendices/linear-algebra/curvilinearPolar.tex,16,CONTEXT_DRAFT,"There is an alternative way to represent points in space, called . The idea is suggested in the following picture."
tikz-curvilinearPolar-02-3d63968c,appendices/linear-algebra/curvilinearPolar.tex,40,CONTEXT_DRAFT,"through the point ... as shown."
tikz-curvilinearPolar-03-eb6d8a2f,appendices/linear-algebra/curvilinearPolar.tex,93,CONTEXT_DRAFT,"From [ x= r ( )= 5 ( 6 ) = 2 ] [ y= r ( ) = 5 ( 6 ) = 2 ] Thus the Cartesian coordinates are .... The point is shown in the below graph."
tikz-curvilinearPolar-04-0bee7ff4,appendices/linear-algebra/curvilinearPolar.tex,123,CONTEXT_DRAFT,"From [ x= r ( )= -5 ( 6 ) = - 2 ] [ y= r ( ) = -5 ( 6 ) = - 2 ] Thus the Cartesian coordinates are .... The point is shown in the following graph."
tikz-curvilinearPolar-05-0ef0bfdb,appendices/linear-algebra/curvilinearPolar.tex,140,CONTEXT_DRAFT,"The following picture exhibits both points in the above two examples to emphasize how they are just on opposite sides of ... but at the same distance from ...."
tikz-curvilinearPolar-06-66095aef,appendices/linear-algebra/curvilinearPolar.tex,228,CONTEXT_DRAFT,"Graph the resulting points and connect them with a curve. The following picture illustrates how to begin this process."
tikz-curvilinearSphericalCylindrical-01-46feed5a,appendices/linear-algebra/curvilinearSphericalCylindrical.tex,29,CONTEXT_DRAFT,"In the second picture, the point is specified completely by also knowing ... as shown."
tikz-curvilinearSphericalCylindrical-02-3e68ec89,appendices/linear-algebra/curvilinearSphericalCylindrical.tex,86,CONTEXT_DRAFT,"Suppose the first picture demonstrates a graph of the Earth. Then the circle in the second picture would correspond to a particular latitude."
tikz-curvilinearSphericalCylindrical-03-4ec1c6e0,appendices/linear-algebra/curvilinearSphericalCylindrical.tex,105,CONTEXT_DRAFT,"If the latitude corresponds to ..., then we can think of ... as the longitude."
tikz-curvilinearSphericalCylindrical-04-3a224171,appendices/linear-algebra/curvilinearSphericalCylindrical.tex,129,CONTEXT_DRAFT,"and ... are known ; The following picture summarizes the geometric meaning of the three coordinate systems."
tikz-RnVectorsCrossProduct-01-331c44e3,appendices/linear-algebra/RnVectorsCrossProduct.tex,33,CONTEXT_DRAFT,"and close them in the direction of ..., the thumb points roughly in the direction of .... For an example of a right handed system of vectors, see the following picture."
tikz-RnVectorsCrossProduct-02-f33584e8,appendices/linear-algebra/RnVectorsCrossProduct.tex,58,CONTEXT_DRAFT,"If you extend the fingers of your right hand along ... and close them in the direction ..., the thumb points in the direction of ...."
tikz-RnVectorsCrossProduct-03-a39334c5,appendices/linear-algebra/RnVectorsCrossProduct.tex,350,CONTEXT_DRAFT,"The size of the cross product, ..., is the area of the parallelogram determined by ... and ..., as shown in the following picture."
tikz-RnVectorsCrossProduct-04-617e986e,appendices/linear-algebra/RnVectorsCrossProduct.tex,488,CONTEXT_DRAFT,"is the vector running from point ... to point ...."
tikz-RnVectorsScalarMultMeaning-01-2ad00296,appendices/linear-algebra/RnVectorsScalarMultMeaning.tex,56,CONTEXT_DRAFT,"and ... drawn below."
tikz-RnVectorsScalarMultMeaning-02-39f3cb18,appendices/linear-algebra/RnVectorsScalarMultMeaning.tex,75,CONTEXT_DRAFT,"and reversing the direction. These vectors are shown in the following diagram."
tikz-RnVectorsScalarMultMeaning-03-2ad00296,appendices/linear-algebra/RnVectorsScalarMultMeaning.tex,101,CONTEXT_DRAFT,"Graphing a Linear Combination of Vectors Consider the following picture of the vectors ... and ..."
tikz-RnVectorsScalarMultMeaning-04-414c5266,appendices/linear-algebra/RnVectorsScalarMultMeaning.tex,116,CONTEXT_DRAFT,"; Sketch a picture of ... The two vectors are shown below."
tikz-RnVectorsScalarMultMeaning-05-65fa5cb0,appendices/linear-algebra/RnVectorsScalarMultMeaning.tex,126,CONTEXT_DRAFT,"; at (2,0) ... ;"
tikz-RnVectorsOrthogonalityProjections-01-6e5c47b9,appendices/linear-algebra/RnVectorsOrthogonalityProjections.tex,22,CONTEXT_DRAFT,"is orthogonal to ... (and to every vector contained in ...) as in the following diagram."
tikz-spectraltheoryOrthogonalityQuadraticForms-01-902ae212,appendices/linear-algebra/spectraltheoryOrthogonalityQuadraticForms.tex,248,CONTEXT_DRAFT,"Consider the following example. Choosing New Axes to Simplify a Quadratic Form Consider the following level curve [ 6x_1^2 + 4x_1x_2 + 3x_2^2 = 7 ] shown in the following graph."
tikz-spectraltheoryOrthogonalityQuadraticForms-02-327caf7c,appendices/linear-algebra/spectraltheoryOrthogonalityQuadraticForms.tex,307,CONTEXT_DRAFT,"as coefficients as follows: q &=& d_ 11 y_1^2 + d_ 22 y_2^2  &=& 7y_1^2 + 2y_2^2 Hence the level curve can be written .... The graph of this equation is given by:"
tikz-spectraltheoryOrthogonalityQuadraticForms-03-8b96f912,appendices/linear-algebra/spectraltheoryOrthogonalityQuadraticForms.tex,329,CONTEXT_DRAFT,"The following is another example of diagonalizing a quadratic form. Choosing New Axes to Simplify a Quadratic Form Consider the level curve 5x_1^ 2 -6x_1x_2+5x_2^ 2 =8 shown in the following graph."
tikz-spectraltheoryOrthogonalityQuadraticForms-04-66ac6fe0,appendices/linear-algebra/spectraltheoryOrthogonalityQuadraticForms.tex,427,CONTEXT_DRAFT,"This is an ellipse which is parallel to the coordinate axes. Its graph is of the form"
tikz-RnVectorsAdditionMeaning-01-4e270f26,appendices/linear-algebra/RnVectorsAdditionMeaning.tex,40,CONTEXT_DRAFT,"to the point of .... This arrow represents the vector ...."
tikz-RnVectorsAdditionMeaning-02-2ad00296,appendices/linear-algebra/RnVectorsAdditionMeaning.tex,95,CONTEXT_DRAFT,"Graphing Vector Addition Consider the following picture of vectors ... and ...."
tikz-RnVectorsAdditionMeaning-03-88a49af3,appendices/linear-algebra/RnVectorsAdditionMeaning.tex,113,CONTEXT_DRAFT,"is the vector which results from drawing a vector from the tail of ... to the tip of ...."
tikz-RnVectorsAdditionMeaning-04-53dabe2b,appendices/linear-algebra/RnVectorsAdditionMeaning.tex,129,CONTEXT_DRAFT,"is the vector which has the same length but which points in the opposite direction to .... Here is a picture."
tikz-complexnumbersPolarForm-01-734a4f44,appendices/linear-algebra/complexnumbersPolarForm.tex,58,CONTEXT_DRAFT,"This is all we will need in this course, but in reality ... can be considered as the complex equivalent of the exponential function where this turns out to be a true equality."
tikz-systemsofequationsGeometry-01-2f1e56e2,appendices/linear-algebra/systemsofequationsGeometry.tex,30,CONTEXT_DRAFT,"When looking for the intersection of two lines in a graph, several situations may arise. The following picture demonstrates the possible situations when considering two equations (two lines in the graph) involving two variables."
tikz-systemsofequationsGeometry-02-df707b3e,appendices/linear-algebra/systemsofequationsGeometry.tex,82,CONTEXT_DRAFT,"which means we have one unique solution, .... [yscale=0.75]"
tikz-systemsofequationsGeometry-03-8dd08db5,appendices/linear-algebra/systemsofequationsGeometry.tex,121,CONTEXT_DRAFT,"Perhaps you can also imagine three intersecting lines which do intersect at a single point. These two situations are illustrated below."
tikz-spectraltheoryApplicationsDiagonalizationDynamicalSystems-01-d612d279,appendices/linear-algebra/spectraltheoryApplicationsDiagonalizationDynamicalSystems.tex,321,CONTEXT_DRAFT,"n=1: r 25.0  20.0 , n=2: r 27.5  25.0 , n=3: r 28.75  27.5 n=4: r 29.375  28.75 , n=5: r 29.688  29.375 Notice that as ... increases, we approach the vector given by c 2x_ 0 -y_ 0  2x_ 0 -y_ 0 = r 2 (20 )- 10 2 ( 20 )-10 = r 30 30 These solutions are graphed in t"
tikz-complexnumbersComplexNumbers-01-f1f4c5fc,appendices/linear-algebra/complexnumbersComplexNumbers.tex,39,CONTEXT_DRAFT,"For example, in the following picture, the point ... can be represented as the point in the plane with coordinates ..."
tikz-systemsofequationsAlgebraicProceduresDimensionlessvariables-01-b6495665,appendices/linear-algebra/systemsofequationsAlgebraicProceduresDimensionlessvariables.tex,10,CONTEXT_DRAFT,"We assume for simplicity that it is a flat plane at an angle to the wind which is blowing against it with speed ... as shown."
tikz-RnVectorsRn-01-45217eed,appendices/linear-algebra/RnVectorsRn.tex,41,CONTEXT_DRAFT,"...n=2...x...y...x...y$ axis. Consider as an example the following diagram."
tikz-RnVectorsRn-02-82a4da3b,appendices/linear-algebra/RnVectorsRn.tex,115,CONTEXT_DRAFT,"= p_ 1 p_ n ^T ^ n ... ^ 3 $."
tikz-RnVectorsRn-03-47a06a67,appendices/linear-algebra/RnVectorsRn.tex,149,CONTEXT_DRAFT,"= c q_ 1 -p_ 1   q_ n -p_ n = - Now, imagine taking a vector in ... and moving it around, always keeping it pointing in the same direction as shown in the following picture."
tikz-RnVectorsParametricLines-01-a7cb0335,appendices/linear-algebra/RnVectorsParametricLines.tex,23,CONTEXT_DRAFT,"is an arbitrary point on .... Consider the following diagram."
tikz-lineartransformationsSpecialR2-01-bccf4bfb,appendices/linear-algebra/lineartransformationsSpecialR2.tex,17,CONTEXT_DRAFT,"^2...T... , $ denote vectors."
tikz-lineartransformationsSpecialR2-02-efd94eb1,appendices/linear-algebra/lineartransformationsSpecialR2.tex,88,CONTEXT_DRAFT,"_ 1 = r 1  0 ... _ 2 = r 0  1 ....x...y$ axis as shown."
tikz-RnVectorsOrthogonalityLeastSquares-01-9ba26305,appendices/linear-algebra/RnVectorsOrthogonalityLeastSquares.tex,25,CONTEXT_DRAFT,"gives the equivalence of an orthogonality condition with a minimization condition. The following picture illustrates this orthogonality condition and geometric meaning of this theorem."
tikz-RnVectorsOrthogonalityLeastSquares-02-c0a48bc5,appendices/linear-algebra/RnVectorsOrthogonalityLeastSquares.tex,467,CONTEXT_DRAFT,"as an approximate value for the data. The following diagram shows the data points and the corresponding regression line."
tikz-RnVectorsApplicationsPhysics-01-f1274c20,appendices/linear-algebra/RnVectorsApplicationsPhysics.tex,29,CONTEXT_DRAFT,"Recall that in ..., we may refer to these vectors as ... and ...."
tikz-RnVectorsApplicationsPhysics-02-001156ac,appendices/linear-algebra/RnVectorsApplicationsPhysics.tex,107,CONTEXT_DRAFT,"Write this as a vector. A picture of this situation follows."
tikz-RnVectorsApplicationsPhysics-03-d75e4d82,appendices/linear-algebra/RnVectorsApplicationsPhysics.tex,208,CONTEXT_DRAFT,"How far does he end up swimming? Consider the following picture which demonstrates the above scenario."
tikz-RnVectorsDotProductSignificance-01-a85e1069,appendices/linear-algebra/RnVectorsDotProductSignificance.tex,9,CONTEXT_DRAFT,"Consider the following picture where ... gives the included angle."
tikz-RnVectorsApplicationsWork-01-cc02b27d,appendices/linear-algebra/RnVectorsApplicationsWork.tex,27,CONTEXT_DRAFT,"Thus the work done by a force on an object as the object moves from one point to another is a measure of the extent to which the force contributes to the motion. This is illustrated in the following picture in the case where the given force contributes to the motion."
tikz-RnVectorsCrossProductBox-01-47fdd834,appendices/linear-algebra/RnVectorsCrossProductBox.tex,25,CONTEXT_DRAFT,"then the collection of all such points makes up the parallelepiped determined by these three vectors. The following is an example of a parallelepiped."
tikz-formalize-LP-08-cbc2f304,part1-linear-programming/ch05-lp-theory/formalize-LP.tex,554,CONTEXT_DRAFT,"^ , ^  ... ^ + (1- ) ^ $ ;"
tikz-formalize-LP-09-5aaa45c8,part1-linear-programming/ch05-lp-theory/formalize-LP.tex,649,CONTEXT_DRAFT,"; (4,0) -- (3.7,0.2) node[above left] ... ;"
tikz-formalize-LP-10-5cbd73ce,part1-linear-programming/ch05-lp-theory/formalize-LP.tex,747,CONTEXT_DRAFT,"; at (0,0) ; at (0,1) ; at (2,3) ; (-0.05,-0.05) rectangle (0.05,0.05); (-0.05,.95) rectangle (0.05,1.05); (1.95,2.95) rectangle (2.05,3.05); Represent point (1/2, 1) as a convex combination of the extreme points of the above LP. Find ...s to solve the following system of equatio"
tikz-Section2-09-b8c094b3,part1-linear-programming/ch02-modeling/Section2.tex,1299,CONTEXT_DRAFT,"(1,0); The extreme directions are thus (4/5, 1/5) and (2/3, 1/3)."
tikz-Section2-10-202fcef4,part1-linear-programming/ch02-modeling/Section2.tex,1323,CONTEXT_DRAFT,"(1,0); The extreme directions are thus (4/5, 1/5) and (2/3, 1/3)."
tikz-Section2-11-821cbf21,part1-linear-programming/ch02-modeling/Section2.tex,1367,CONTEXT_DRAFT,"(1,0); The extreme directions are thus (4/5, 1/5) and (2/3, 1/3)."
tikz-Section2-12-821cbf21,part1-linear-programming/ch02-modeling/Section2.tex,1386,BLANK_NEEDS_MANUAL,""
tikz-Section2-13-2556d599,part1-linear-programming/ch02-modeling/Section2.tex,1405,BLANK_NEEDS_MANUAL,""
tikz-modeling-sums-01-6d94583a,part1-linear-programming/ch02-modeling/modeling-sums.tex,108,CONTEXT_DRAFT,"Which index is undefined, and how should it be introduced? [ node distance=2cm, thick, >=stealth',"
tikz-modeling-sums-02-567331a1,part1-linear-programming/ch02-modeling/modeling-sums.tex,343,CONTEXT_DRAFT,", person/.style= circle, draw=blue!50, fill=blue!20, thick, minimum size=1.2cm , task/.style= rectangle, draw=red!50, fill=red!20, thick, minimum width=1.2cm, minimum height=1cm ] (P1) at (0, 2) (0,0.2) circle (0.15); (0,0.05) -- (0,-0.2); (-0.1,-0.3) -- (0,-0.2) -- (0.1,-0.3);"
tikz-modeling-sums-03-9f20eb55,part1-linear-programming/ch02-modeling/modeling-sums.tex,361,CONTEXT_DRAFT,"; (P2) at (0, 0) (0,0.2) circle (0.15); (0,0.05) -- (0,-0.2); (-0.1,-0.3) -- (0,-0.2) -- (0.1,-0.3); (-0.1,0) -- (0.1,0);  ... ; (P3) at (0, -2) (0,0.2) circle (0.15); (0,0.05) -- (0,-0.2); (-0.1,-0.3) -- (0,-0.2) -- (0.1,-0.3);"
tikz-modeling-sums-04-9f20eb55,part1-linear-programming/ch02-modeling/modeling-sums.tex,371,CONTEXT_DRAFT,"; (P3) at (0, -2) (0,0.2) circle (0.15); (0,0.05) -- (0,-0.2); (-0.1,-0.3) -- (0,-0.2) -- (0.1,-0.3); (-0.1,0) -- (0.1,0);  ... ; (T1) at (4, 2) (-0.2,0.4) rectangle (0.2,-0.4); (-0.15,0.3) -- (0.15,0.3);"
tikz-modeling-sums-05-640a0ff9,part1-linear-programming/ch02-modeling/modeling-sums.tex,382,CONTEXT_DRAFT,"; (T1) at (4, 2) (-0.2,0.4) rectangle (0.2,-0.4); (-0.15,0.3) -- (0.15,0.3); (-0.15,0.15) -- (0.15,0.15);  ... ; (T2) at (4, 0) (-0.2,0.4) rectangle (0.2,-0.4); (-0.15,0.3) -- (0.15,0.3); (-0.15,0.15) -- (0.15,0.15);"
tikz-modeling-sums-06-f235855b,part1-linear-programming/ch02-modeling/modeling-sums.tex,391,CONTEXT_DRAFT,"; (T2) at (4, 0) (-0.2,0.4) rectangle (0.2,-0.4); (-0.15,0.3) -- (0.15,0.3); (-0.15,0.15) -- (0.15,0.15);  ... ; (T3) at (4, -2) (-0.2,0.4) rectangle (0.2,-0.4); (-0.15,0.3) -- (0.15,0.3); (-0.15,0.15) -- (0.15,0.15);"
tikz-modeling-sums-07-f235855b,part1-linear-programming/ch02-modeling/modeling-sums.tex,400,CONTEXT_DRAFT,"; (T3) at (4, -2) (-0.2,0.4) rectangle (0.2,-0.4); (-0.15,0.3) -- (0.15,0.3); (-0.15,0.15) -- (0.15,0.15);  ... ; in 1,2,3 in 1,2,3 (P ) -- (T );"
tikz-modeling-sums-continued-06-bfde29de,part1-linear-programming/ch02-modeling/modeling-sums-continued.tex,533,CAPTION_DRAFT,"Investment Opportunities Over Four Periods"
tikz-modeling-sums-continued-08-c9255277,part1-linear-programming/ch02-modeling/modeling-sums-continued.tex,1030,CONTEXT_DRAFT,",2) D1 ; (D2) at (0,-2) D2 ; (Hub) at (3,0) Hub ; (W4) at (8,2) W4 ; (W5) at (8,-2) W5 ; (D3) at (6,0) D3 ; (W1) -- node[above] 100 (D1); (W2) -- node[above right] 150 (D1); (W3) -- node[above right] 120 (D2); (D1) -- node[above] 200 (Hub); (D2) -- node[below] 180 (Hub); (D1) --"
tikz-modeling-sums-continued-09-84d499b4,part1-linear-programming/ch02-modeling/modeling-sums-continued.tex,1071,CONTEXT_DRAFT,"pacity = 0.3, text opacity=1, inner sep=0pt, minimum size=20pt, font= , startcircle/.style= circle, draw=black, fill=green, fill opacity = 0.3, text opacity=1, inner sep=0pt, minimum size=20pt, font= , endcircle/.style= circle, draw=black, fill=red, fill opacity = 0.3, text opaci"
tikz-modeling-sums-continued-10-6711f270,part1-linear-programming/ch02-modeling/modeling-sums-continued.tex,1133,CONTEXT_DRAFT,"opacity=1, inner sep=0pt, minimum size=20pt, font= , startcircle/.style= circle, draw=black, fill=green, fill opacity = 0.3, text opacity=1, inner sep=0pt, minimum size=20pt, font= , endcircle/.style= circle, draw=black, fill=red, fill opacity = 0.3, text opacity=1, inner sep=0pt"
tikz-modeling-linear-programming-01-ca756804,part1-linear-programming/ch02-modeling/modeling-linear-programming.tex,224,CONTEXT_DRAFT,"3 ...c_i...i=1, ,n...10 per unit on Day 1, and ...5 per unit for carrying excess inventory from one day to the next. [ node distance=2cm, thick, >=stealth',"